#,Player,Team,TS%,eFG%,Total S %,ORB%,DRB%,TRB%,AST%,TOV%,STL%,BLK%,USG%,PPR,PPS,ORtg,DRtg,eDiff,FIC,PER
1.,Nikola Milutinov,OLY,731,677,146.2,19.4,22.5,21.0,10.5,9.4,1.6,3.1,16.9,0.9,2.0,152.9,109.9,43.0,473.5,25.9
2.,Ebuka Izundu,ZVE,738,713,147.9,21.5,16.3,18.8,4.6,10.1,1.6,4.3,18.9,-2.5,1.8,145.5,113.5,32.0,232.8,24.9
3.,Mfiondu Kabengele,DUB,636,593,170.6,12.0,22.5,17.5,10.6,8.2,1.8,3.2,26.0,-0.9,1.5,128.5,114.5,13.9,398.6,24.8
4.,Sasha Vezenkov,OLY,671,615,183.4,7.1,22.3,15.0,8.4,7.3,1.2,0.4,26.0,-1.0,1.6,135.4,112.1,23.3,517.1,24.6
5.,Daniel Oturu,HAP,711,708,135.1,14.6,16.7,15.7,6.4,12.7,1.1,5.8,22.7,-3.6,1.6,131.9,113.8,18.1,469.5,24.4
6.,Donta Hall,OLY,791,769,154.4,15.3,22.8,19.3,7.1,10.5,1.6,6.4,15.1,-0.5,2.0,154.1,108.0,46.1,296.1,24.3
7.,Nando De Colo,LYV,723,615,188.3,1.4,11.9,6.4,42.5,22.7,2.7,0.4,27.5,1.7,1.8,126.5,116.6,9.9,132.0,24.2
8.,Jean Montero,VAL,576,506,162.9,4.3,12.1,8.2,34.5,10.0,2.4,1.5,27.7,7.7,1.3,128.6,113.0,15.6,417.4,23.2
9.,T.J. Leaf,MAC,673,630,188.0,12.8,19.0,15.8,10.3,6.3,1.3,2.8,18.2,1.4,1.5,142.7,119.5,23.2,208.1,22.6
10.,Moses Wright,ZAL,650,616,164.0,13.3,22.5,17.9,6.4,13.0,1.5,3.5,23.6,-4.2,1.5,124.5,112.1,12.4,448.0,22.5
11.,Tyrique Jones,OLY,711,686,136.8,15.7,18.2,17.0,13.1,17.6,3.7,3.7,18.1,-1.4,2.0,133.7,104.7,29.1,101.5,22.2
12.,Justin Robinson,PAR,576,505,158.8,1.9,7.7,4.7,44.1,14.0,2.4,0.3,33.8,4.8,1.4,120.9,118.4,2.5,308.4,22.2
13.,Tyrique Jones,PAR,680,670,131.5,12.5,22.6,17.1,15.7,16.9,2.9,3.1,19.2,-0.9,1.6,126.8,114.9,11.9,182.3,22.0
14.,Omer Yurtseven,PAN,679,635,144.2,12.8,22.6,17.5,9.0,13.8,1.8,5.5,19.9,-2.5,1.6,129.2,110.8,18.4,106.6,22.0
15.,Trey Lyles,RMB,641,592,173.2,6.6,19.7,13.3,13.3,11.7,1.3,2.5,26.1,-1.5,1.5,126.1,112.7,13.5,365.8,21.9
16.,Nadir Hifi,PAR,566,498,160.8,1.7,10.9,6.2,33.0,12.4,2.2,0.1,37.1,0.6,1.3,116.8,117.3,-0.5,346.6,21.9
17.,Bruno Caboclo,DUB,847,857,223.5,11.7,18.9,15.6,6.0,10.9,0.0,5.5,15.5,-1.2,2.0,153.9,116.9,37.0,58.4,21.3
18.,Sylvain Francisco,ZAL,609,553,162.0,2.3,11.2,6.8,39.8,17.3,2.0,1.1,28.2,5.6,1.4,122.0,115.9,6.2,522.8,21.1
19.,Nikola Mirotic,ASM,634,579,169.2,6.5,21.8,14.2,11.7,7.5,2.0,1.7,23.0,1.0,1.5,129.8,112.6,17.1,258.1,20.9
20.,Timothe Luwawu-Cabarrot,BASK,644,585,178.6,2.9,14.7,8.9,14.0,11.0,1.3,0.4,29.3,-1.9,1.5,122.5,123.0,-0.5,352.4,20.7
21.,Braian Angola-Rodas,LYV,614,510,160.2,1.6,15.6,8.0,29.3,12.6,2.2,0.0,27.7,3.2,1.6,123.4,116.6,6.8,150.3,20.7
22.,Edy Tavares,RMB,718,689,141.9,14.7,22.4,18.7,4.1,19.8,1.4,8.6,17.2,-5.6,1.8,126.4,110.2,16.2,395.0,20.5
23.,Usman Garuba,RMB,664,651,189.9,13.1,15.2,14.2,7.0,15.2,3.5,5.9,18.3,-3.1,1.5,125.3,108.5,16.7,191.4,20.5
24.,Aliou Diarra,BOL,679,688,123.9,16.7,22.2,19.5,12.5,14.7,1.3,6.5,17.5,-0.9,1.6,129.3,117.3,12.0,131.1,20.4
25.,Josh Nebo,MIL,695,676,133.9,13.5,20.5,17.0,4.3,12.8,0.7,3.9,18.8,-3.3,1.8,132.2,119.0,13.2,228.8,19.9
26.,Youssoupha Fall,FCB,689,688,130.3,14.3,25.5,19.7,4.9,7.4,0.8,2.4,14.6,-0.3,1.6,142.9,114.3,28.6,55.4,19.8
27.,Chima Moneke,ZVE,664,598,167.5,8.1,22.6,15.4,12.0,14.7,2.0,1.7,20.6,-1.8,1.7,128.1,111.0,17.1,398.1,19.8
28.,Roman Sorkin,MAC,596,556,167.5,8.9,14.2,11.5,14.1,9.3,1.3,3.0,24.6,0.0,1.3,123.2,121.9,1.4,346.9,19.8
29.,Matt Morgan,BOL,657,575,174.8,1.4,9.0,5.3,20.9,12.5,0.9,0.0,28.0,0.1,1.6,126.4,123.3,3.1,240.0,19.6
30.,Nando De Colo,FEN,726,663,198.5,1.6,8.9,5.5,25.4,18.4,0.8,0.0,23.6,0.4,1.7,132.6,116.0,16.5,98.3,19.6
31.,Aleksa Avramovic,DUB,565,519,154.3,4.7,9.9,7.4,28.8,13.8,4.1,0.8,26.7,3.8,1.3,115.6,115.0,0.6,150.6,19.6
32.,Azuolas Tubelis,ZAL,646,628,169.7,9.0,17.0,13.0,6.6,11.1,1.4,2.8,22.2,-2.8,1.4,124.2,114.4,9.8,348.9,19.4
33.,Talen Horton-Tucker,FEN,566,520,150.1,6.3,13.8,10.2,18.7,13.4,1.7,2.1,32.3,-3.1,1.3,112.0,111.5,0.5,324.4,19.4
34.,Cole Swider,EFE,725,696,193.8,2.5,14.4,8.3,6.0,6.0,1.3,0.0,21.6,-0.6,1.6,136.2,120.4,15.7,89.1,19.4
35.,Nate Reuvers,VAL,685,674,165.4,7.2,15.0,11.1,3.8,8.2,1.4,4.0,19.4,-1.9,1.6,133.2,113.3,19.9,305.8,19.3
36.,Theo Maledon,RMB,614,509,164.2,3.4,12.8,8.2,28.6,14.9,1.8,0.3,24.6,3.9,1.6,126.6,116.0,10.6,233.6,19.2
37.,Wade Baldwin IV,FEN,554,500,154.9,3.5,12.3,8.1,40.0,15.6,1.4,1.8,28.2,5.1,1.3,116.7,113.4,3.3,422.6,19.1
38.,Filip Petrusev,DUB,650,572,175.4,6.7,19.3,13.2,10.9,11.0,1.4,1.8,20.2,-0.4,1.7,129.3,118.1,11.2,346.1,19.1
39.,Carlik Jones,PAR,567,497,165.1,4.0,11.1,7.4,29.3,11.7,1.6,1.1,26.4,4.6,1.3,119.8,115.2,4.6,157.4,19.0
40.,Kenneth Faried,PAN,629,607,126.3,18.1,20.4,19.2,3.5,16.6,1.5,5.4,20.2,-5.6,1.5,119.5,113.6,6.0,177.8,19.0
41.,Vincent Poirier,EFE,571,524,127.4,14.8,18.8,16.8,12.4,9.3,1.5,3.7,20.7,0.5,1.3,121.5,112.5,9.0,102.0,18.9
42.,Daniel Theis,ASM,661,622,166.8,10.3,20.5,15.4,7.2,11.2,1.2,4.3,18.8,-1.7,1.5,128.5,113.4,15.1,305.6,18.9
43.,Darius Thompson,VAL,610,585,173.1,5.4,7.0,6.2,26.6,12.1,2.8,1.6,20.3,5.6,1.3,129.6,114.2,15.4,328.3,18.8
44.,Tornike Shengelia,FCB,632,578,172.1,8.2,17.1,12.6,18.3,15.9,1.7,1.4,22.6,-0.4,1.5,122.8,116.7,6.1,313.3,18.7
45.,Saben Lee,EFE,574,504,148.5,2.5,8.9,5.6,27.9,10.8,2.4,0.0,26.6,4.3,1.4,117.9,118.4,-0.5,113.5,18.6
46.,Kostas Sloukas,PAN,591,523,171.3,2.2,9.8,5.9,37.2,13.5,1.9,0.3,20.9,10.2,1.4,128.7,118.4,10.3,328.4,18.6
47.,Facundo Campazzo,RMB,632,578,172.7,1.5,8.6,5.2,33.2,16.8,2.6,0.0,22.4,5.7,1.5,127.0,115.9,11.1,401.0,18.6
48.,Johnathan Motley,HAP,698,672,183.0,7.2,14.2,10.9,10.7,16.1,1.0,1.2,23.5,-3.6,1.7,124.1,116.7,7.4,165.4,18.5
49.,Zach LeDay,MIL,660,608,182.5,4.6,18.1,11.5,6.3,8.6,1.1,1.3,21.6,-1.4,1.6,129.3,121.5,7.9,264.8,18.5
50.,Elijah Bryant,HAP,642,584,179.1,4.2,18.4,11.7,17.9,15.6,1.2,0.5,23.2,-0.1,1.5,121.6,115.2,6.4,424.0,18.5
51.,Chris Jones,HAP,604,569,177.8,1.3,11.4,6.6,32.9,16.4,2.4,0.1,23.3,5.6,1.3,119.6,115.6,4.0,339.1,18.3
52.,Laurynas Birutis,ZAL,646,692,109.9,13.5,17.4,15.5,4.5,9.1,1.2,3.0,16.6,-1.4,1.6,128.5,114.1,14.4,149.6,18.2
53.,Dzanan Musa,DUB,616,543,170.7,6.7,10.7,8.8,19.1,12.2,1.1,0.6,23.5,1.9,1.5,125.2,121.7,3.5,175.8,18.2
54.,Jared Butler,ZVE,561,530,161.6,3.8,10.1,6.9,34.6,13.8,1.8,0.4,31.4,2.7,1.2,115.7,118.0,-2.3,234.6,18.2
55.,Chris Silva,FEN,695,634,152.3,12.5,14.1,13.3,8.2,22.3,2.1,1.6,23.1,-7.9,1.7,118.4,113.7,4.7,37.5,18.1
56.,Mike James,ASM,564,481,161.1,1.6,13.0,7.4,35.7,14.7,1.6,0.4,26.8,5.8,1.4,116.3,117.4,-1.1,463.4,18.0
57.,"Bonzie Colson, Jr.",FEN,659,619,188.0,6.5,16.4,11.6,7.9,8.5,1.9,2.3,16.8,0.1,1.5,135.7,110.9,24.8,242.4,17.9
58.,Alexandros Samodurov,PAN,699,696,160.9,3.2,11.0,7.2,8.1,11.0,0.7,8.3,16.5,-0.4,1.5,131.0,113.6,17.5,27.9,17.9
59.,Armoni Brooks,MIL,603,584,169.2,4.4,16.4,10.5,11.4,8.0,1.5,1.2,25.5,-0.1,1.3,119.4,119.7,-0.2,296.1,17.9
60.,Nenad Dimitrijevic,BAY,640,583,178.1,2.1,12.7,7.5,33.4,23.0,2.2,0.4,26.2,0.9,1.5,114.1,116.5,-2.4,127.1,17.8
61.,Oscar da Silva,BAY,647,606,170.0,13.7,16.3,15.0,9.4,13.9,1.9,2.5,16.8,-1.3,1.4,127.3,115.0,12.4,202.5,17.6
62.,Zach Hankins,MAC,768,769,143.6,15.4,12.9,14.2,7.0,14.3,0.0,4.1,14.9,-2.2,1.8,140.5,123.9,16.6,35.6,17.5
63.,"Duane Washington, Jr.",PAR,568,538,162.7,1.0,8.5,4.4,23.7,11.2,1.5,0.0,32.5,0.1,1.2,110.2,124.4,-14.3,148.4,17.5
64.,Trent Forrest,BASK,587,480,158.0,3.4,11.7,7.5,30.2,12.9,1.7,1.2,20.4,6.4,1.5,126.1,124.3,1.8,249.3,17.4
65.,Kameron Taylor,VAL,626,591,171.8,5.4,17.9,11.6,13.4,13.3,2.1,1.4,20.4,-0.4,1.4,122.8,112.4,10.3,350.6,17.4
66.,Jordan Nwora,ZVE,588,543,163.3,3.3,17.8,10.5,10.6,13.4,2.2,1.1,28.0,-4.3,1.3,112.3,113.7,-1.3,313.8,17.4
67.,Tyler Dorsey,OLY,602,561,163.4,2.7,8.8,5.8,18.6,12.5,1.6,0.3,28.2,-0.5,1.4,117.9,116.0,1.9,346.1,17.3
68.,Kendrick Nunn,PAN,613,579,177.3,2.4,9.3,5.8,21.0,16.5,1.9,0.2,28.4,-2.0,1.3,112.6,118.9,-6.3,348.1,17.3
69.,Kai Jones,EFE,900,921,158.7,9.9,21.6,15.7,5.1,19.0,1.9,9.1,8.0,-1.1,2.1,152.5,111.2,41.3,213.4,17.2
70.,Glynn Watson,LYV,589,553,171.5,1.9,10.5,6.0,24.4,10.4,1.9,0.3,24.6,2.6,1.3,120.0,119.0,1.0,247.3,17.2
71.,Richaun Holmes,PAN,670,644,132.4,14.1,15.5,14.8,3.2,11.8,0.8,2.8,17.0,-2.9,1.7,131.6,117.0,14.6,113.5,17.2
72.,Will Clyburn,FCB,592,559,157.6,4.6,17.4,10.8,11.2,13.1,2.3,0.6,25.1,-2.7,1.3,114.0,114.5,-0.5,278.8,17.1
73.,Momo Diouf,BOL,638,598,134.4,13.2,16.4,14.8,11.8,19.1,1.6,4.5,20.0,-3.7,1.5,116.7,116.3,0.3,219.4,17.1
74.,McKinley Wright IV,DUB,618,559,174.8,1.9,9.5,5.9,34.3,16.3,1.8,0.6,19.7,7.0,1.4,124.9,121.1,3.8,411.9,17.0
75.,Mamadi Diakite,BASK,643,606,171.4,9.6,19.0,14.3,9.5,18.8,2.0,6.4,19.5,-4.0,1.4,114.9,116.7,-1.8,264.4,17.0
76.,Bruno Fernando,PAR,669,629,186.7,11.5,20.3,15.8,6.4,20.6,1.7,3.6,20.6,-6.5,1.6,114.6,114.2,0.4,198.6,17.0
77.,Antonio Blakeney,HAP,613,573,170.4,3.0,10.1,6.8,7.2,8.7,0.9,1.2,25.1,-1.6,1.4,119.4,118.8,0.6,278.1,16.9
78.,Brice Dessert,EFE,676,683,121.7,14.4,13.0,13.7,5.7,18.4,1.8,4.9,18.6,-5.2,1.5,115.0,116.3,-1.3,70.4,16.9
79.,Tonye Jekiri,PAR,571,545,124.1,13.6,19.8,16.7,12.5,12.5,2.1,1.8,18.4,0.0,1.3,119.3,110.2,9.1,103.9,16.7
80.,Kevin Punter,FCB,600,549,173.6,2.1,6.8,4.4,16.3,12.1,2.1,0.1,25.0,0.1,1.4,118.9,118.6,0.4,307.4,16.6
81.,Nigel Hayes-Davis,PAN,553,508,163.2,6.4,9.2,7.7,10.2,6.4,2.2,1.0,22.8,1.3,1.2,120.6,121.3,-0.7,139.3,16.6
82.,Jaylen Hoard,MAC,615,552,169.6,9.4,21.6,15.3,7.2,10.2,1.5,1.0,16.7,-0.8,1.4,127.8,119.2,8.6,375.0,16.5
83.,Lonnie Walker,MAC,550,497,150.2,1.3,12.8,6.9,17.6,10.6,1.9,1.2,30.3,-0.6,1.3,111.7,120.5,-8.8,205.0,16.5
84.,Alec Peters,OLY,668,619,174.8,5.2,18.1,11.9,10.6,13.2,1.8,0.2,19.1,-1.0,1.6,127.6,112.4,15.2,205.1,16.4
85.,Chuma Okeke,RMB,616,609,155.6,10.9,16.9,14.0,6.8,6.3,1.8,2.7,13.3,1.2,1.3,136.8,114.2,22.6,270.9,16.3
86.,Joel Bolomboy,ZVE,633,619,188.6,16.9,23.1,19.9,3.0,20.8,1.5,4.3,17.1,-6.6,1.4,113.2,112.2,0.9,80.9,16.2
87.,Jan Vesely,FCB,584,562,161.0,8.0,13.3,10.6,11.2,10.1,2.5,0.9,19.1,0.3,1.3,120.4,115.4,5.1,242.8,16.1
88.,Allan Julien Dokossi,PAR,678,717,112.6,14.6,26.0,20.2,15.3,32.7,3.9,1.0,14.8,-4.4,1.6,109.1,106.7,2.4,228.0,16.1
89.,Saliou Niang,BOL,678,641,175.6,12.2,18.1,15.2,14.4,21.8,2.3,2.1,14.6,-0.9,1.6,123.6,116.2,7.4,297.4,16.0
90.,Juancho Hernangomez,PAN,612,592,160.3,10.7,23.4,17.0,4.5,7.7,1.7,1.2,13.7,-0.3,1.3,130.9,114.3,16.6,396.0,15.9
91.,Nigel Williams-Goss,ZAL,541,510,163.2,2.3,10.7,6.5,27.4,12.0,2.2,0.3,24.1,4.7,1.2,115.4,116.3,-0.9,236.9,15.9
92.,T.J. Shorts II,PAN,519,478,146.4,1.1,9.8,5.3,30.8,11.3,2.1,0.0,26.1,6.0,1.2,111.5,118.1,-6.6,214.8,15.9
93.,Donatas Motiejunas,ZVE,632,620,155.0,7.9,10.2,9.1,10.5,12.6,1.3,0.0,20.1,-1.4,1.6,122.1,116.1,6.0,101.3,15.8
94.,Kenan Kamenjas,DUB,585,549,122.4,14.8,24.3,19.6,8.1,14.7,1.6,0.3,17.9,-2.3,1.4,118.1,115.5,2.6,108.4,15.8
95.,Kevarrius Hayes,ASM,639,609,132.8,12.7,12.1,12.4,5.0,14.0,2.3,5.1,15.5,-2.5,1.5,124.0,113.7,10.3,219.5,15.8
96.,Cameron Payne,PAR,565,510,159.7,2.3,11.0,6.6,30.5,16.7,2.8,0.0,27.7,1.7,1.3,109.2,120.9,-11.8,73.1,15.8
97.,Bryant Dunston,MIL,678,615,135.5,11.4,14.7,13.0,5.9,7.7,1.5,6.8,10.4,0.9,1.9,147.6,117.2,30.4,58.9,15.7
98.,Mario Hezonja,RMB,524,486,153.2,3.2,19.2,11.4,19.0,12.5,1.9,0.2,29.9,-0.9,1.1,107.3,113.8,-6.6,303.1,15.7
99.,David McCormack,BAY,623,594,130.2,8.7,19.2,13.8,9.0,18.5,2.9,1.3,21.2,-4.8,1.4,110.6,112.5,-1.9,126.3,15.7
100.,Shane Larkin,EFE,626,577,179.2,2.2,8.5,5.2,26.0,17.0,0.6,0.0,24.0,1.0,1.4,118.2,121.9,-3.7,111.1,15.6
101.,Kobi Simmons,BASK,613,555,169.2,1.3,6.7,3.9,23.6,13.9,1.7,0.4,22.2,2.5,1.4,120.3,125.2,-4.9,200.6,15.6
102.,Luca Vildoza,BOL,578,548,163.0,2.3,11.3,6.9,33.9,18.1,3.6,0.0,18.1,7.0,1.3,119.0,117.1,1.9,236.1,15.6
103.,Justinian Jessup,BAY,621,593,182.8,4.0,12.4,8.2,12.3,8.9,2.2,1.1,18.1,1.4,1.3,124.7,114.6,10.1,219.9,15.5
104.,Alpha Diallo,ASM,585,547,160.0,6.8,13.0,9.9,7.9,9.3,2.6,1.7,18.9,-0.5,1.3,118.3,114.7,3.7,367.4,15.5
105.,Cedi Osman,PAN,622,565,167.1,2.4,14.3,8.2,6.9,7.1,1.4,0.3,19.4,0.0,1.5,127.2,118.3,8.9,297.5,15.5
106.,Dario Brizuela,FCB,561,541,167.0,1.6,8.1,4.8,16.6,10.1,2.2,0.0,27.6,0.2,1.2,112.0,117.8,-5.8,150.5,15.4
107.,Mathias Lessort,PAN,614,588,125.4,13.9,17.9,15.9,8.0,19.6,1.8,1.4,17.7,-3.7,1.5,116.5,117.9,-1.5,101.1,15.3
108.,Eugene Omoruyi,BASK,566,489,152.8,9.7,14.9,12.2,15.9,17.2,1.6,0.8,26.1,-3.4,1.4,110.1,124.4,-14.3,145.0,15.3
109.,Shavon Shields,MIL,589,542,169.3,3.4,12.4,7.9,17.4,11.7,1.5,0.3,22.1,1.4,1.3,118.7,122.1,-3.5,285.4,15.2
110.,Hamidou Diallo,BASK,546,491,130.4,7.5,17.7,12.9,13.8,16.3,2.0,2.1,28.1,-4.3,1.3,103.2,117.5,-14.3,87.9,15.1
111.,Miles Norris,FCB,604,591,174.3,8.8,19.0,13.9,3.9,7.7,2.4,2.7,14.1,-0.6,1.3,127.0,111.8,15.2,142.9,15.1
112.,Derek Willis,PAR,588,552,163.2,9.1,19.4,14.3,11.7,9.2,1.2,2.8,14.6,1.8,1.3,130.4,113.0,17.4,168.6,15.1
113.,Brancou Badio,VAL,565,528,163.3,4.9,10.9,7.9,18.3,13.7,1.5,0.9,25.7,-0.3,1.2,113.5,115.9,-2.4,246.1,15.1
114.,Isaac Bonga,PAR,611,550,162.8,7.6,19.7,13.4,8.7,13.4,1.8,2.1,16.3,-1.0,1.4,120.9,116.0,4.9,340.5,15.0
115.,Willy Hernangomez,FCB,568,514,141.7,13.7,24.3,18.9,5.6,17.3,1.4,2.9,21.2,-5.5,1.5,109.8,113.7,-3.8,161.5,15.0
116.,Tyler Ennis,HAP,632,569,171.4,3.3,9.0,6.3,11.2,14.4,1.9,0.0,23.8,-2.4,1.6,120.5,111.8,8.6,19.6,14.9
117.,Bar Timor,HAP,648,633,213.3,0.0,10.7,5.8,14.4,11.5,4.6,0.0,14.4,3.4,1.3,125.9,111.3,14.5,17.1,14.9
118.,Marko Guduric,MIL,652,577,175.8,2.1,14.0,8.1,27.4,22.4,1.3,0.1,21.9,1.2,1.6,118.1,122.1,-4.0,243.0,14.9
119.,Arnas Butkevicius,ZAL,724,707,188.7,4.2,14.7,9.5,10.1,10.4,2.8,1.2,10.8,2.2,1.6,144.5,112.7,31.7,211.6,14.8
120.,Terry Tarpey,ASM,685,684,165.5,10.9,18.2,14.5,7.5,10.3,2.7,1.2,9.9,1.2,1.5,141.2,113.3,27.9,94.3,14.8
121.,Rodrigue Beaubois,EFE,567,554,183.0,1.0,12.6,6.7,17.1,9.5,2.6,1.7,20.2,2.1,1.2,111.5,115.5,-4.0,75.9,14.8
122.,Shaquielle McKissic,OLY,553,512,135.7,3.1,9.5,6.4,18.4,8.3,3.5,0.0,17.1,5.0,1.4,123.4,108.1,15.4,90.3,14.8
123.,Matt Costello,VAL,591,599,133.7,7.6,21.0,14.3,7.7,10.7,1.7,3.2,16.1,-0.3,1.4,120.5,110.7,9.8,224.9,14.7
124.,Leandro Bolmaro,MIL,562,511,167.0,5.3,14.6,10.0,21.7,14.2,1.6,0.3,21.9,2.2,1.3,115.6,119.3,-3.7,200.8,14.7
125.,Nikos Rogkavopoulos,PAN,586,550,167.7,6.6,14.2,10.4,6.3,6.4,0.9,0.8,19.6,-0.1,1.3,123.2,117.2,6.1,115.5,14.7
126.,Jimmy Clark III,MAC,514,484,152.3,3.5,8.1,5.7,37.0,18.0,3.5,0.6,25.7,4.1,1.1,107.2,120.2,-13.0,236.4,14.7
127.,Gabriel Lundberg,MAC,572,515,161.4,3.2,7.2,5.1,23.3,15.4,1.7,0.6,21.7,2.7,1.3,116.2,123.6,-7.4,120.1,14.6
128.,Mbaye N'Diaye,LYV,550,539,123.8,9.0,18.4,13.4,9.4,17.1,2.7,6.5,16.8,-2.6,1.3,105.5,112.9,-7.3,246.9,14.6
129.,Shaquille Harrison,LYV,519,487,136.2,4.2,14.8,9.2,18.8,13.2,3.8,0.6,21.2,1.0,1.2,106.0,112.6,-6.7,167.8,14.5
130.,Alen Smailagic,BOL,593,558,158.3,6.0,14.3,10.2,10.1,11.5,2.0,1.3,20.3,-1.1,1.3,115.5,118.5,-3.0,146.8,14.5
131.,Lorenzo Brown,MIL,529,508,180.3,2.3,12.1,7.2,34.1,19.5,3.5,0.6,23.0,3.1,1.1,104.7,116.5,-11.8,55.1,14.5
132.,Vasilis Toliopoulos,PAN,510,457,168.4,2.4,5.5,3.8,19.6,3.8,1.2,0.0,25.8,5.7,1.1,119.6,118.3,1.3,23.4,14.4
133.,Andres Feliz,RMB,577,557,161.5,6.7,11.7,9.3,19.7,14.1,1.9,0.2,18.9,2.5,1.2,120.2,115.5,4.7,181.3,14.4
134.,Nemanja Nedovic,ASM,621,591,174.0,2.1,9.2,5.7,16.3,11.8,2.2,0.9,19.4,1.9,1.3,120.2,118.7,1.5,129.5,14.3
135.,Nicolas Laprovittola,FCB,588,548,169.6,1.2,7.9,4.5,37.3,23.2,2.3,0.0,25.5,3.1,1.3,110.9,121.2,-10.3,100.1,14.3
136.,Neal Sako,VAL,555,583,97.2,16.5,19.6,18.0,7.5,15.6,1.2,3.3,17.0,-2.5,1.4,113.0,113.4,-0.4,178.9,14.3
137.,Codi Miller-McIntyre,ZVE,523,509,136.5,3.4,15.1,9.2,38.8,18.9,1.7,0.2,21.8,6.8,1.1,112.3,115.4,-3.0,443.9,14.3
138.,Alex Len,RMB,593,511,127.8,13.9,13.3,13.6,5.0,19.4,0.8,9.7,16.0,-4.4,1.5,115.9,111.6,4.3,64.3,14.2
139.,Dylan Osetkowski,PAR,573,532,168.0,6.5,13.5,9.8,8.4,6.0,2.7,0.6,16.1,1.4,1.3,123.8,116.8,7.0,194.1,14.2
140.,Elie Okobo,ASM,526,484,159.6,1.1,10.7,5.9,30.7,12.9,2.0,0.3,22.4,6.4,1.2,111.8,118.3,-6.5,339.5,14.1
141.,Tomas Satoransky,FCB,639,617,171.4,4.3,13.7,9.0,25.9,20.1,1.7,0.6,13.3,6.1,1.4,128.5,116.4,12.1,308.9,14.1
142.,Bastien Vautier,LYV,566,519,119.0,11.7,16.4,13.9,10.9,15.9,1.9,1.6,22.1,-3.6,1.4,109.4,116.9,-7.5,124.0,14.1
143.,Andreas Obst,BAY,582,541,168.7,1.5,9.0,5.2,13.2,11.0,0.8,0.2,25.4,-0.9,1.3,113.0,120.0,-7.0,249.4,14.1
144.,Clement Frisch,BASK,677,667,196.8,5.9,21.0,13.5,6.1,8.6,1.4,0.9,13.3,0.1,1.4,132.3,121.6,10.8,140.8,14.1
145.,Devin Booker,MIL,584,535,154.2,10.1,13.5,11.8,7.5,11.5,0.9,0.7,19.6,-1.7,1.4,119.0,121.4,-2.4,192.1,13.9
146.,Isiaha Mike,BAY,566,551,160.7,5.2,18.1,11.5,11.5,11.3,1.9,1.8,20.5,-0.5,1.2,111.4,114.2,-2.8,236.8,13.9
147.,Omari Moore,VAL,541,506,149.7,5.2,9.9,7.5,26.0,16.7,1.6,0.4,22.0,2.8,1.2,112.7,116.5,-3.8,233.3,13.9
148.,Jordan Loyd,EFE,566,497,160.9,3.6,11.1,7.3,14.0,10.9,1.5,0.4,23.8,0.0,1.3,113.9,119.9,-6.0,198.1,13.9
149.,Marcio Santos,MAC,650,572,169.7,6.1,8.5,7.2,7.4,16.2,2.1,2.5,20.4,-4.1,1.7,120.2,121.9,-1.6,115.8,13.9
150.,Sterling Brown,PAR,580,550,175.4,2.6,11.2,6.7,14.4,14.7,1.7,0.8,23.6,-1.8,1.2,108.8,118.6,-9.8,277.1,13.9
151.,Evan Fournier,OLY,553,521,157.6,2.5,8.9,5.8,22.1,13.9,2.0,0.3,26.0,1.1,1.2,111.7,115.2,-3.5,226.6,13.9
152.,Jaron Blossomgame,ASM,618,601,151.3,7.1,15.2,11.2,5.2,8.3,0.7,0.3,17.2,-0.9,1.4,122.6,119.5,3.2,288.0,13.8
153.,Armel Traore,LYV,639,631,157.9,10.2,19.0,14.3,5.8,18.4,1.5,2.5,16.5,-4.4,1.4,112.2,116.9,-4.7,168.8,13.8
154.,"B.J. Boston, Jr.",FEN,556,523,155.0,8.4,9.9,9.2,4.0,8.3,2.2,1.5,19.1,-1.7,1.2,118.3,113.8,4.5,78.8,13.7
155.,Erxhan Osmani,EFE,616,584,171.0,6.8,19.5,13.1,10.2,18.7,1.2,0.8,22.1,-4.8,1.4,107.9,117.8,-9.9,241.0,13.7
156.,Quinn Ellis,MIL,593,544,168.7,4.9,10.3,7.6,28.2,19.6,1.6,0.4,16.6,5.2,1.4,121.0,122.5,-1.5,282.3,13.7
157.,Jaime Pradilla,VAL,610,597,164.2,8.2,17.6,12.9,14.8,19.4,1.7,0.6,15.6,-0.2,1.3,116.9,113.7,3.2,277.6,13.7
158.,Gabriel Deck,RMB,670,633,175.6,5.8,15.6,10.9,9.0,13.0,1.0,0.1,13.8,0.1,1.5,131.4,117.2,14.1,227.3,13.6
159.,Dwayne Bacon,DUB,525,469,152.3,2.9,14.8,9.1,14.6,12.7,1.4,0.6,28.7,-2.1,1.2,104.0,120.5,-16.5,218.5,13.6
160.,Mouhamed Faye,PAR,637,652,114.2,15.1,19.9,17.4,2.1,18.9,1.1,6.5,11.3,-3.7,1.5,120.8,114.1,6.8,215.1,13.6
161.,Ognjen Dobric,ZVE,617,598,190.5,7.7,10.1,8.9,4.0,4.7,1.7,0.0,15.3,0.1,1.3,134.2,116.9,17.3,83.0,13.5
162.,Jeff Dowtin,MAC,537,504,153.2,1.5,6.5,3.9,24.2,10.7,1.8,0.3,22.1,4.1,1.2,114.8,126.5,-11.7,88.1,13.4
163.,Vasilije Micic,HAP,549,497,161.7,1.2,13.6,7.7,27.6,20.2,2.0,0.0,26.2,0.7,1.2,104.4,115.6,-11.2,276.4,13.4
164.,Stefan Jovic,BAY,586,569,162.9,2.5,11.2,6.7,37.4,27.3,3.1,0.0,16.0,6.3,1.3,113.1,114.9,-1.8,113.0,13.3
165.,Nicolo Melli,FEN,593,591,146.0,8.8,22.3,15.9,10.9,17.9,1.8,2.2,15.1,-1.2,1.3,115.1,107.1,8.0,249.9,13.3
166.,Lamar Stevens,PAR,561,520,166.6,5.7,14.6,10.1,6.8,11.1,0.8,3.3,20.7,-2.3,1.3,113.0,119.4,-6.4,122.4,13.3
167.,"Derrick Alston, Jr.",BOL,616,569,180.8,3.6,12.0,7.8,10.7,12.7,1.3,0.5,19.8,-1.1,1.4,117.5,121.5,-4.1,213.9,13.2
168.,Tarik Biberovic,FEN,609,585,182.9,3.3,12.2,7.9,9.4,12.9,0.9,0.4,20.8,-2.1,1.3,117.3,114.6,2.7,236.6,13.2
169.,Markquis Nowell,BASK,546,508,152.1,2.0,7.9,5.0,32.9,16.1,2.4,0.0,20.1,6.7,1.2,114.8,121.1,-6.2,120.6,13.2
170.,Johannes Voigtmann,BAY,563,549,156.0,6.8,26.7,16.6,21.5,20.9,1.5,1.5,15.3,2.2,1.2,110.8,111.7,-0.9,109.3,13.2
171.,Jared Rhoden,PAR,569,541,161.4,4.3,12.6,8.4,9.2,16.5,2.3,2.0,24.2,-5.0,1.2,105.0,117.2,-12.2,141.0,13.1
172.,Oshae Brissett,MAC,573,502,157.6,8.8,17.7,13.1,5.0,10.5,1.9,1.2,15.6,-1.4,1.4,121.7,120.5,1.2,246.5,13.0
173.,Dustin Sleva,ZAL,565,529,157.3,9.3,14.9,12.1,8.8,9.1,1.7,0.5,17.1,0.6,1.3,123.2,115.5,7.7,196.9,13.0
174.,Thomas Heurtel,LYV,537,497,159.4,0.5,10.3,5.1,50.7,23.9,1.4,0.0,27.1,4.6,1.2,103.3,120.2,-16.9,156.0,13.0
175.,Kostas Mitoglou,PAN,525,480,148.6,8.6,19.4,13.9,6.5,10.8,1.6,2.2,18.6,-1.4,1.2,110.9,114.0,-3.1,110.3,13.0
176.,Kosta Kondic,DUB,577,519,160.6,3.5,10.3,6.9,14.5,10.2,3.4,0.0,17.1,2.3,1.3,120.2,120.2,0.0,45.4,13.0
177.,Vladimir Lucic,BAY,612,544,168.5,4.6,17.1,10.8,10.4,11.5,1.2,0.3,15.5,0.6,1.4,123.3,116.3,7.0,208.3,13.0
178.,Maodo Lo,ZAL,585,546,163.4,3.4,10.6,7.0,21.2,18.0,1.5,0.3,19.4,1.8,1.3,114.9,117.6,-2.7,205.3,12.9
179.,Carsen Edwards,BOL,505,473,151.1,1.7,9.9,5.8,19.2,13.0,1.9,0.4,36.9,-4.0,1.1,97.0,120.7,-23.7,212.5,12.9
180.,Joel Parra,FCB,578,543,157.1,8.7,16.1,12.3,8.1,10.2,1.6,0.7,14.0,0.6,1.3,124.0,116.6,7.4,200.1,12.8
181.,Matthew Strazel,ASM,598,527,162.9,2.0,8.0,5.0,24.0,18.3,1.8,0.1,18.2,3.5,1.4,116.4,119.6,-3.2,291.6,12.8
182.,Khalifa Diop,BASK,682,691,125.4,14.9,17.7,16.3,5.8,24.1,1.6,3.6,10.8,-2.9,1.6,122.4,119.5,2.9,135.5,12.7
183.,Paul Eboua,LYV,601,574,152.9,10.5,20.3,15.0,2.6,10.9,0.3,1.0,18.0,-3.2,1.4,117.7,119.2,-1.5,86.1,12.6
184.,Kessler Edwards,HAP,642,594,178.8,3.2,28.2,16.4,5.6,13.6,1.2,3.0,12.3,-0.8,1.5,121.3,115.5,5.9,54.3,12.6
185.,Sebastian Herrera,PAR,577,552,166.9,3.2,8.1,5.6,10.3,8.2,1.7,0.4,18.9,0.7,1.2,122.3,119.3,3.0,142.1,12.5
186.,Sergio De Larrea,VAL,572,531,155.1,4.8,10.6,7.7,28.4,24.9,2.1,1.2,20.2,1.8,1.3,110.0,116.6,-6.6,99.5,12.5
187.,Braxton Key,VAL,531,497,134.1,7.6,18.0,12.7,9.0,15.2,2.4,3.1,18.5,-2.1,1.2,106.9,110.1,-3.1,148.3,12.5
188.,Jerian Grant,PAN,554,517,160.8,2.7,6.4,4.5,22.3,13.8,2.6,0.2,14.6,5.8,1.2,120.4,117.8,2.6,254.0,12.3
189.,Nick Weiler-Babb,EFE,562,524,152.9,3.6,12.8,8.1,27.3,19.1,2.4,0.2,14.6,5.7,1.3,116.7,116.9,-0.2,308.1,12.3
190.,Cory Joseph,OLY,606,544,159.7,4.1,10.8,7.5,21.3,20.8,1.5,0.5,18.3,1.5,1.5,116.4,111.4,5.0,59.8,12.3
191.,Tyson Ward,OLY,538,492,138.3,4.5,14.5,9.7,19.3,13.7,1.6,0.9,18.1,2.9,1.3,114.7,112.0,2.8,173.9,12.2
192.,Wenyen Gabriel,BAY,551,556,118.1,13.3,14.2,13.8,8.2,21.3,2.0,4.6,20.0,-5.7,1.2,99.6,112.4,-12.7,151.4,12.1
193.,Kamar Baldwin,BAY,477,431,156.1,2.6,13.3,7.7,26.9,13.7,3.0,0.0,24.1,3.3,1.0,102.6,114.2,-11.5,36.4,12.1
194.,Tadas Sedekerskis,BASK,586,584,132.7,5.3,19.6,12.8,9.6,11.9,0.7,0.3,15.3,0.2,1.3,114.3,120.9,-6.6,92.9,12.1
195.,Matteo Spagnolo,BASK,573,520,160.1,2.3,11.8,7.1,19.2,15.1,1.6,0.5,16.8,2.7,1.3,115.3,123.4,-8.1,151.5,12.1
196.,Edgaras Ulanovas,ZAL,609,530,166.3,5.8,9.7,7.7,11.6,8.7,0.9,0.4,12.7,3.1,1.5,135.6,119.2,16.5,184.8,11.9
197.,Thomas Walkup,OLY,524,503,150.8,3.8,10.0,7.0,34.8,22.9,2.1,0.1,12.7,10.1,1.1,121.8,114.5,7.3,271.5,11.9
198.,Tai Odiase,HAP,638,603,134.4,5.7,13.0,9.6,4.4,13.1,1.8,2.1,12.8,-1.5,1.5,122.1,114.6,7.4,75.9,11.9
199.,Collin Malcolm,HAP,613,591,167.8,5.1,13.4,9.5,5.5,7.9,1.7,1.6,11.7,0.6,1.3,126.8,116.2,10.6,249.1,11.9
200.,Tamir Blatt,MAC,565,545,153.8,1.8,10.4,5.9,41.1,26.5,0.8,0.0,19.8,6.0,1.2,109.6,125.9,-16.2,250.5,11.9
201.,Isaia Cordinier,EFE,555,495,156.1,3.4,12.9,8.1,14.1,14.8,1.8,1.1,20.5,-0.8,1.3,108.0,117.8,-9.8,162.4,11.8
202.,Nicola Akele,BOL,636,640,145.3,9.3,17.4,13.4,11.1,13.2,1.2,0.8,10.8,1.5,1.3,129.0,120.2,8.8,70.8,11.8
203.,Giampaolo Ricci,MIL,630,627,164.9,6.7,14.9,10.9,6.0,5.6,1.8,1.3,11.3,1.3,1.3,134.0,119.3,14.7,152.5,11.8
204.,Semi Ojeleye,ZVE,582,536,158.1,9.7,10.2,9.9,5.2,10.0,1.1,1.9,13.7,-0.7,1.4,125.1,117.3,7.8,218.5,11.8
205.,John DiBartolomeo,MAC,594,549,163.6,6.2,10.2,8.1,9.5,8.9,3.3,0.0,11.6,1.9,1.3,132.1,121.3,10.7,94.8,11.8
206.,Jeremy Morgan,PAR,604,590,164.4,6.4,10.6,8.4,12.7,15.2,2.3,1.2,12.6,1.3,1.3,124.8,116.3,8.5,152.5,11.6
207.,Alessandro Pajola,BOL,481,443,129.0,2.7,15.8,9.5,32.7,21.9,3.1,1.5,13.4,8.7,1.1,112.9,111.7,1.1,141.4,11.6
208.,Markus Howard,BASK,547,527,155.8,2.1,7.6,4.9,17.3,11.4,1.1,0.0,23.7,0.9,1.2,109.4,127.6,-18.2,107.8,11.6
209.,Amath M'Baye,PAR,581,529,159.1,4.1,6.6,5.4,9.5,14.0,1.7,0.8,19.0,-2.0,1.3,114.6,119.7,-5.1,123.4,11.5
210.,Davis Bertans,DUB,536,497,154.2,3.4,12.9,8.3,10.2,6.5,0.4,2.2,20.4,1.3,1.2,114.5,122.2,-7.7,124.5,11.5
211.,Rodions Kurucs,BASK,564,545,152.2,9.0,14.0,11.5,11.5,19.3,2.3,0.2,18.2,-2.6,1.2,106.8,120.4,-13.6,133.0,11.4
212.,Daulton Hommes,PAR,662,634,167.6,5.3,13.0,9.0,6.8,14.6,1.1,2.0,13.6,-1.4,1.5,127.2,120.4,6.9,67.4,11.3
213.,Niels Giffey,BAY,575,535,164.9,6.1,8.3,7.2,9.2,11.2,1.8,0.3,16.3,0.0,1.3,117.4,118.6,-1.2,86.6,11.3
214.,Rolands Smits,EFE,595,568,156.2,6.8,15.7,11.2,7.0,12.5,1.0,0.5,16.8,-1.7,1.3,114.6,119.8,-5.2,139.1,11.2
215.,Nate Sestina,MIL,502,483,159.1,4.8,8.1,6.4,6.1,0.0,2.7,0.0,18.1,2.5,1.0,114.7,119.1,-4.5,15.0,11.2
216.,Josep Puerto,VAL,596,578,158.4,5.1,14.7,9.8,5.6,8.9,1.2,0.4,13.7,-0.1,1.3,123.6,115.9,7.7,146.3,11.1
217.,P.J. Dozier,EFE,466,440,142.8,3.8,11.4,7.5,21.1,13.2,2.7,0.8,27.1,0.4,1.0,95.1,115.2,-20.1,122.5,10.9
218.,Spencer Dinwiddie,BAY,555,474,150.4,1.9,9.3,5.5,23.6,19.4,0.6,0.8,26.9,-2.6,1.4,103.0,118.1,-15.2,50.8,10.9
219.,Gur Lavy,MAC,696,671,182.2,6.5,12.9,9.6,4.7,22.1,1.6,0.7,14.5,-5.0,1.6,113.7,124.8,-11.1,35.0,10.7
220.,Tomer Ginat,HAP,482,488,96.1,3.1,21.2,12.6,10.6,11.2,2.4,0.8,18.7,0.0,1.1,98.5,105.9,-7.4,30.4,10.7
221.,Yam Madar,HAP,407,321,128.5,3.5,11.5,7.5,21.0,8.9,3.2,0.6,21.0,5.6,0.9,100.0,118.0,-18.0,34.4,10.6
222.,Justus Hollatz,BAY,561,532,160.4,5.5,11.6,8.5,25.7,27.5,2.9,0.0,10.5,5.5,1.2,115.3,113.8,1.5,114.4,10.5
223.,Shake Milton,PAR,523,466,153.6,3.3,6.7,5.0,21.6,16.6,1.4,0.8,20.4,1.7,1.2,105.4,119.0,-13.6,84.6,10.4
224.,Zac Seljaas,LYV,508,471,157.2,5.5,14.1,9.5,9.6,4.4,1.1,0.2,16.1,2.3,1.1,116.3,119.5,-3.1,157.4,10.4
225.,Juhann Begarin,ASM,509,468,146.4,7.6,14.2,11.0,8.0,8.8,1.2,1.7,17.3,0.2,1.1,109.0,118.7,-9.7,68.1,10.3
226.,Devon Hall,FEN,553,498,157.3,5.9,9.1,7.6,17.2,19.7,1.0,0.5,18.4,-0.6,1.3,109.5,115.9,-6.4,179.1,10.3
227.,Justin Anderson,DUB,623,588,175.0,4.5,11.6,8.2,8.3,11.5,1.0,2.3,11.2,1.0,1.4,125.5,121.0,4.5,171.3,10.2
228.,Khem Birch,FEN,664,632,131.4,12.5,18.5,15.6,4.2,25.5,1.0,2.2,11.2,-4.3,1.7,116.1,111.4,4.7,148.4,10.1
229.,Leopold Cavaliere,PAR,528,520,130.7,9.0,18.4,13.6,8.2,13.8,1.7,0.4,10.6,0.3,1.1,116.7,115.8,0.9,128.5,10.0
230.,Francesco Ferrari,BOL,525,400,137.8,11.1,18.0,14.5,8.3,10.4,0.0,2.0,11.8,0.9,1.4,122.9,127.0,-4.1,27.6,10.0
231.,Mikael Jantunen,FEN,572,504,161.1,8.1,14.5,11.5,5.5,12.7,1.3,1.1,13.9,-1.3,1.3,120.0,112.3,7.6,123.4,9.9
232.,Aleksej Pokusevski,PAR,503,495,171.8,4.2,19.2,11.2,6.6,10.8,1.9,2.8,16.3,-1.0,1.0,102.0,113.7,-11.7,68.1,9.8
233.,Gytis Radzevicius,BASK,607,582,171.3,6.4,11.6,8.9,5.2,7.6,0.8,0.4,11.0,0.4,1.3,128.2,126.3,1.9,90.5,9.8
234.,Sehmus Hazer,EFE,506,463,145.9,2.5,7.4,4.9,14.8,13.6,1.6,0.0,24.3,-1.3,1.1,98.9,121.1,-22.2,70.9,9.6
235.,Alberto Abalde,RMB,595,580,172.7,4.2,8.2,6.3,12.1,15.3,1.6,0.0,13.4,1.0,1.2,119.2,118.3,0.9,119.9,9.6
236.,Nick Calathes,PAR,441,431,122.8,2.8,14.2,8.3,34.2,22.8,2.5,0.4,15.9,7.1,0.9,99.5,115.3,-15.8,157.5,9.6
237.,Xavier Rathan-Mayes,BAY,446,415,131.0,2.4,12.9,7.5,21.5,11.8,1.6,0.7,29.4,0.9,1.0,94.6,116.3,-21.7,92.0,9.4
238.,Deividas Sirvydis,ZAL,497,463,159.2,3.6,11.6,7.6,11.2,11.6,1.5,0.6,18.4,0.3,1.1,106.3,115.3,-9.0,65.4,9.3
239.,Jabari Parker,PAR,490,445,163.1,4.7,13.8,8.9,5.8,9.9,0.8,0.4,21.9,-2.2,1.1,100.3,126.0,-25.7,44.1,9.3
240.,Yakuba Ouattara,PAR,512,489,153.3,4.9,9.1,6.9,10.2,12.3,1.2,0.8,17.1,-0.4,1.1,108.6,121.5,-12.9,117.8,9.2
241.,Mantas Rubstavicius,ZAL,561,500,179.8,3.6,13.6,8.8,6.2,12.6,0.8,0.0,20.5,-2.8,1.2,111.8,113.5,-1.6,11.5,9.2
242.,George Papagiannis,EFE,367,367,53.3,8.9,20.9,15.0,10.4,11.8,1.5,4.1,11.3,1.9,0.7,100.6,118.5,-17.9,18.8,9.0
243.,Dejan Davidovac,ZVE,642,618,169.7,7.4,11.5,9.5,4.3,10.5,1.6,0.8,7.3,0.3,1.4,135.8,114.2,21.6,56.6,8.9
244.,Joel Ayayi,PAR,446,446,60.6,11.9,15.3,13.5,12.1,19.6,2.6,0.0,14.4,-1.1,0.9,100.4,112.1,-11.7,32.0,8.8
245.,Onuralp Bitim,FEN,604,603,140.2,2.6,13.5,8.2,4.3,14.7,2.0,2.3,11.6,-1.9,1.3,111.0,110.1,0.9,52.4,8.7
246.,Bodian Massa,LYV,508,500,153.8,10.9,20.5,15.4,6.8,22.4,1.5,3.0,16.4,-5.2,1.1,93.3,115.4,-22.1,105.8,8.7
247.,Daniel Hackett,BOL,568,528,156.3,4.3,15.8,10.2,14.1,21.2,1.5,0.2,12.2,0.7,1.3,109.7,118.7,-8.9,106.8,8.6
248.,Myles Cale,FCB,498,471,145.0,6.7,10.4,8.5,6.8,7.5,1.9,1.1,11.3,1.4,1.1,116.9,117.2,-0.2,87.9,8.6
249.,Arijan Lakic,PAR,535,516,149.2,4.6,12.4,8.4,6.5,9.8,2.5,0.7,10.5,0.7,1.1,114.2,115.7,-1.5,58.3,8.5
250.,Will Rayman,MAC,540,483,141.2,8.8,13.1,10.9,3.2,6.0,1.2,1.4,11.5,-0.1,1.4,125.0,123.1,1.9,73.6,8.5
251.,Klemen Prepelic,DUB,571,500,148.7,1.5,9.1,5.4,20.0,19.1,1.8,0.0,13.7,3.5,1.4,114.7,121.0,-6.3,63.0,8.5
252.,Brandon Taylor,BOL,602,591,188.0,0.0,7.8,4.0,31.0,30.8,1.3,0.0,18.4,0.8,1.2,101.0,117.7,-16.7,17.9,8.4
253.,Nikola Kalinic,ZVE,575,551,152.2,5.8,13.3,9.6,11.5,22.4,1.2,1.3,12.8,-1.1,1.3,108.2,116.4,-8.2,180.1,8.3
254.,Edwin Jackson,LYV,526,508,148.1,1.5,7.9,4.5,13.9,13.3,0.2,0.3,21.6,-0.6,1.1,102.7,125.6,-23.0,46.4,8.0
255.,Enzo Andre Shahrvin,PAR,559,615,61.5,8.6,27.2,17.5,7.5,32.8,1.1,5.8,9.8,-3.6,1.2,94.5,116.2,-21.7,22.1,7.9
256.,James Birsen,FEN,544,466,157.8,7.4,17.3,12.5,4.6,17.4,1.6,0.8,11.1,-2.1,1.3,110.1,110.9,-0.8,47.1,7.9
257.,Stefan Miljenovic,ZVE,537,441,145.3,1.6,13.0,7.2,15.4,15.7,1.3,1.4,14.0,2.4,1.4,115.1,119.8,-4.7,13.0,7.8
258.,Ignas Brazdeikis,ZAL,450,425,147.6,5.1,11.3,8.2,8.2,8.1,0.9,0.3,18.9,0.4,1.0,101.9,119.4,-17.4,85.3,7.7
259.,Karim Jallow,BOL,530,509,137.5,5.2,12.0,8.6,7.3,16.0,1.2,0.6,13.4,-1.4,1.2,103.1,121.0,-17.9,131.8,7.7
260.,Vanja Marinkovic,PAR,519,490,148.7,2.2,9.0,5.3,6.0,9.2,1.4,0.3,14.8,-0.3,1.1,105.5,126.6,-21.1,54.0,7.7
261.,Melvin Ajinca,LYV,482,456,148.4,5.5,7.9,6.6,5.3,10.2,1.5,0.2,18.3,-2.0,1.0,99.8,121.7,-21.9,73.9,7.5
262.,David Lighty,LYV,515,496,146.4,5.2,8.2,6.6,10.2,11.7,1.1,0.4,11.8,1.2,1.1,110.7,121.9,-11.2,96.3,7.4
263.,Ish Wainright,HAP,487,474,139.6,4.6,10.1,7.5,6.7,5.7,2.0,0.3,9.6,2.1,1.0,114.5,116.7,-2.1,150.6,7.4
264.,Panagiotis Kalaitzakis,PAN,494,500,100.4,1.9,13.5,7.7,8.4,10.2,2.5,0.0,10.5,1.8,1.0,106.8,115.9,-9.0,20.1,7.3
265.,Erkan Yilmaz,EFE,461,341,108.6,5.3,19.3,12.1,8.9,28.3,3.6,2.7,10.3,-2.0,1.3,90.0,109.7,-19.8,32.9,6.9
266.,Nico Mannion,MIL,485,478,131.0,0.5,6.9,3.8,29.2,20.0,0.4,0.0,23.4,2.4,1.0,96.3,125.0,-28.7,41.4,6.9
267.,Juani Marcos,FCB,437,437,64.4,4.0,10.0,7.0,22.3,20.2,2.3,0.0,16.3,3.1,0.9,97.6,115.6,-18.0,44.8,6.9
268.,Awudu Abass,DUB,531,517,140.1,5.7,6.2,6.0,4.9,7.9,1.1,0.8,9.5,0.7,1.1,117.7,123.4,-5.7,67.3,6.8
269.,Stefano Tonut,MIL,461,375,112.5,2.8,10.0,6.4,7.7,9.3,3.1,0.0,5.8,2.6,1.1,116.9,118.4,-1.5,11.8,6.3
270.,Rafael Villar,BASK,519,471,147.1,3.1,9.2,6.2,12.6,14.1,2.2,0.6,5.9,4.1,1.1,124.3,121.2,3.1,22.1,6.2
271.,Frank Ntilikina,OLY,517,479,158.9,3.8,4.8,4.4,14.6,22.2,1.5,2.8,16.2,-1.0,1.1,101.0,116.6,-15.6,46.4,6.2
272.,Armando Bacot,FEN,500,445,152.5,10.0,12.8,11.4,9.5,28.7,1.5,3.1,15.6,-5.5,1.1,92.2,110.2,-18.0,34.5,6.2
273.,Kostas Papanikolaou,OLY,495,500,96.7,3.0,12.6,8.0,16.7,24.4,1.5,0.4,13.3,0.8,1.0,98.4,116.0,-17.5,83.4,6.0
274.,Dovydas Giedraitis,ZAL,464,459,116.4,6.4,8.2,7.3,13.9,22.1,1.6,0.0,9.7,2.1,1.0,105.8,121.8,-16.0,35.3,5.9
275.,Sergio Llull,RMB,416,389,123.2,1.9,7.1,4.6,20.9,12.6,0.8,0.0,18.9,4.3,0.9,99.4,120.5,-21.0,58.3,5.9
276.,Saben Lee,OLY,547,483,159.6,0.0,3.9,2.0,18.1,29.3,1.8,0.8,18.2,-3.3,1.3,93.6,126.0,-32.5,13.6,5.7
277.,Tyson Carter,ZVE,434,408,164.4,3.9,8.2,6.0,15.5,17.3,1.3,0.0,21.2,-1.4,0.9,92.1,121.1,-29.1,16.1,4.9
278.,David Kramer,RMB,453,444,115.3,4.4,9.0,6.9,10.8,13.4,1.0,0.0,13.3,1.3,1.0,103.0,118.2,-15.2,14.8,4.6
279.,Nemanja Dangubic,DUB,375,375,88.3,14.3,13.9,14.1,8.1,8.6,0.0,0.0,10.5,1.9,0.8,108.1,126.3,-18.2,11.4,4.5
280.,Isaac Nogues,VAL,0,0,0.0,6.0,21.7,13.8,17.2,33.3,6.3,0.0,6.3,4.6,0.0,75.7,106.4,-30.7,5.3,4.3
281.,Levi Randolph,HAP,399,370,123.8,5.5,7.9,6.8,4.4,14.3,2.2,0.0,13.5,-1.8,0.9,85.4,120.7,-35.3,6.1,3.5
282.,Guy Palatin,HAP,750,750,150.0,13.0,17.4,15.3,5.9,50.0,0.0,0.0,8.6,-6.0,1.5,100.3,121.9,-21.6,2.3,3.4
283.,Mehdy Ngouama,LYV,322,241,123.7,3.8,8.7,6.1,11.4,11.7,4.0,0.8,25.2,-2.1,0.7,74.9,118.3,-43.4,3.9,3.0
284.,Marius Grigonis,PAN,452,452,64.6,4.6,10.8,7.6,7.6,19.2,0.5,0.0,11.2,-0.9,0.9,92.9,120.2,-27.4,7.0,2.8
285.,Yago Dos Santos,ZVE,365,302,133.1,1.9,7.4,4.7,29.3,25.2,1.2,0.0,20.0,2.7,0.8,86.2,117.8,-31.6,27.5,2.6
286.,Xabier Lopez-Arostegui,VAL,366,310,125.2,2.8,9.8,6.3,10.5,20.5,1.2,0.0,15.3,-1.5,0.8,80.8,117.4,-36.6,4.1,1.6
287.,Aleksa Radanov,PAR,462,462,67.0,5.4,11.6,8.4,8.6,27.8,0.8,0.0,12.7,-3.5,0.9,84.0,112.3,-28.3,1.8,1.5
288.,Adam Atamna,LYV,219,181,102.0,6.2,9.9,7.9,18.3,14.0,2.9,1.2,19.1,1.9,0.5,66.7,121.2,-54.5,9.0,0.7
289.,Stefan Joksimovic,BASK,250,250,33.9,0.0,12.7,6.0,6.7,30.0,2.5,0.0,14.1,-6.1,0.5,46.7,124.0,-77.3,-3.5,-3.3